<?xml version="1.0"?>
<!DOCTYPE Configure PUBLIC "-//Jetty//Configure//EN" "http://www.eclipse.org/jetty/configure.dtd">

<!-- =============================================================== -->
<!-- Configure the Jetty Server                                      -->
<!--                                                                 -->
<!-- Documentation of this file format can be found at:              -->
<!-- http://wiki.eclipse.org/Jetty/Reference/jetty.xml_syntax        -->
<!--                                                                 -->
<!-- Additional configuration files are available in $JETTY_HOME/etc -->
<!-- and can be mixed in.  For example:                              -->
<!--   java -jar start.jar etc/jetty-ssl.xml                         -->
<!--                                                                 -->
<!-- See start.ini file for the default configuraton files           -->
<!-- =============================================================== -->


<Configure id="Server" class="org.eclipse.jetty.server.Server"> 
  <!-- =========================================================== -->
  <!-- Set connectors                                              -->
  <!-- =========================================================== -->
  <Call name="addConnector">
    <Arg>
      <New class="org.eclipse.jetty.server.ServerConnector">
        <Arg name="server">
          <Ref refid="Server" />
        </Arg>
        <Arg name="sslContextFactory">
          <New id="sslContextFactory" class="org.eclipse.jetty.util.ssl.SslContextFactory$Server">
            <Set name="KeyStorePath"><SystemProperty name="xservices.config.directory" />/keystore</Set>
            <Set name="TrustStorePath"><SystemProperty name="xservices.config.directory" />/keystore</Set>
            <Set name="KeyStorePassword">OBF:1v1p1uv81w8t1u9p1vnq1y0q1sov1y101vnc1u9t1w8x1uuy1v2p</Set>
            <Set name="KeyManagerPassword">OBF:1v1p1uv81w8t1u9p1vnq1y0q1sov1y101vnc1u9t1w8x1uuy1v2p</Set>
            <Set name="IncludeCipherSuites">
              <Array type="java.lang.String">
                <Item>TLS_AES_256_GCM_SHA384</Item>
                <Item>TLS_ECDHE_ECDSA_WITH_AES_256_GCM_SHA384</Item>
                <Item>TLS_ECDHE_ECDSA_WITH_AES_256_CBC_SHA384</Item>
                <Item>TLS_ECDHE_RSA_WITH_AES_256_GCM_SHA384</Item>
                <Item>TLS_ECDHE_RSA_WITH_AES_256_CBC_SHA384</Item>
                <Item>TLS_ECDH_ECDSA_WITH_AES_256_GCM_SHA384</Item>
                <Item>TLS_ECDH_ECDSA_WITH_AES_256_CBC_SHA384</Item>
                <Item>TLS_ECDH_RSA_WITH_AES_256_GCM_SHA384</Item>
                <Item>TLS_ECDH_RSA_WITH_AES_256_CBC_SHA384</Item>
                <Item>TLS_RSA_WITH_AES_256_GCM_SHA384</Item>
                <Item>TLS_RSA_WITH_AES_256_CBC_SHA256</Item>
              </Array>
            </Set>
            <Set name="includeProtocols">
              <Array type="java.lang.String">
                <Item>TLSv1.2</Item>
                <Item>TLSv1.3</Item>
              </Array>
            </Set>
          </New>
        </Arg>
        <Arg name="factories">
          <Array type="org.eclipse.jetty.server.ConnectionFactory">
            <Item>
              <New class="org.eclipse.jetty.server.HttpConnectionFactory">
                <Arg name="config">
                  <New id="httpConfig" class="org.eclipse.jetty.server.HttpConfiguration">
                    <Set name="secureScheme">https</Set>
                    <Set name="securePort">8443</Set>
                    <Set name="outputBufferSize">32768</Set>
                    <Set name="requestHeaderSize">8192</Set>
                    <Set name="responseHeaderSize">8192</Set>
                    <Set name="sendServerVersion">false</Set>
                    <Set name="sendDateHeader">false</Set>
                    <Set name="headerCacheSize">512</Set>
                    <Call name="addCustomizer">
                      <Arg>
                        <New class="org.eclipse.jetty.server.SecureRequestCustomizer" />
                      </Arg>
                    </Call>
                  </New>
                </Arg>
              </New>
            </Item>
          </Array>
        </Arg>
        <Set name="port">8443</Set>
        <Set name="idleTimeout">30000</Set>
      </New>
    </Arg>
  </Call>
</Configure>
