<?xml version="1.0"?>
<!DOCTYPE Configure PUBLIC "-//Jetty//Configure//EN" "http://www.eclipse.org/jetty/configure.dtd">

<!-- =============================================================== -->
<!-- Configure the Jetty Server                                      -->
<!--                                                                 -->
<!-- Documentation of this file format can be found at:              -->
<!-- http://wiki.eclipse.org/Jetty/Reference/jetty.xml_syntax        -->
<!--                                                                 -->
<!-- Additional configuration files are available in $JETTY_HOME/etc -->
<!-- and can be mixed in.  For example:                              -->
<!--   java -jar start.jar etc/jetty-ssl.xml                         -->
<!--                                                                 -->
<!-- See start.ini file for the default configuraton files           -->
<!-- =============================================================== -->
<Configure id="Server" class="org.eclipse.jetty.server.Server">
  <!-- =========================================================== -->
  <!-- Server Thread Pool                                          -->
  <!-- =========================================================== -->
  <Get name="ThreadPool">
    <Set name="minThreads" type="int">10</Set>
    <Set name="maxThreads" type="int">200</Set>
    <Set name="idleTimeout" type="int">60000</Set>
    <Set name="detailedDump">false</Set>
  </Get>

  <!-- =========================================================== -->
  <!-- Set handler Collection Structure                            --> 
  <!-- =========================================================== -->
  <Set name="handler">
    <New id="Handlers" class="org.eclipse.jetty.server.handler.HandlerCollection">
      <Set name="handlers">
        <Array type="org.eclipse.jetty.server.Handler">
          <Item>
            <New id="Contexts" class="org.eclipse.jetty.server.handler.ContextHandlerCollection" />
          </Item>
          <Item>
            <New id="DefaultHandler" class="org.eclipse.jetty.server.handler.DefaultHandler" />
          </Item>
        </Array>
      </Set>
    </New>
  </Set>

  
  <!-- ================================================================= -->
  <!-- Enable annotations - configure deployment steps for every web app -->
  <!-- ================================================================= -->
  <Call name="setAttribute">
    <Arg>org.eclipse.jetty.webapp.configuration</Arg>
    <Arg>
      <Array type="java.lang.String">
        <Item>org.eclipse.jetty.webapp.WebInfConfiguration</Item>
        <Item>org.eclipse.jetty.webapp.WebXmlConfiguration</Item>
        <Item>org.eclipse.jetty.webapp.MetaInfConfiguration</Item>
        <Item>org.eclipse.jetty.webapp.FragmentConfiguration</Item>
        <Item>org.eclipse.jetty.webapp.JettyWebXmlConfiguration</Item>
      </Array>
    </Arg>
  </Call>

  <!-- =============================================================== -->
  <!-- Create the deployment manager                                   -->
  <!-- =============================================================== -->
  <Call name="addBean">
    <Arg>
      <New id="DeploymentManager" class="org.eclipse.jetty.deploy.DeploymentManager">
        <Set name="contexts">
          <Ref refid="Contexts" />
        </Set>
        <Call name="setContextAttribute">
          <Arg>org.eclipse.jetty.server.webapp.ContainerIncludeJarPattern</Arg>
          <Arg>.*/servlet-api-[^/]*\.jar$</Arg>
        </Call>
        <Call id="webappprovider" name="addAppProvider">
          <Arg>
            <New class="org.eclipse.jetty.deploy.providers.WebAppProvider">
              <Set name="monitoredDirName"><Property name="jetty.base" default="." />/webapps</Set>
              <Set name="defaultsDescriptor"><Property name="jetty.home" default="." />/etc/webdefault.xml</Set>
              <Set name="scanInterval">1</Set>
              <Set name="extractWars">true</Set>
            </New>
          </Arg>
        </Call>
      </New>
    </Arg>
  </Call>

  <!-- =========================================================== -->
  <!-- Configure Request Log -->
  <!-- =========================================================== -->
  <Ref refid="Handlers">
    <Call name="addHandler">
      <Arg>
        <New id="RequestLog" class="org.eclipse.jetty.server.handler.RequestLogHandler">
          <Set name="requestLog">
            <New id="RequestLogImpl" class="org.eclipse.jetty.server.AsyncNCSARequestLog">
              <Set name="filename"><SystemProperty name="jetty.logs" default="./logs"/>/yyyy_mm_dd.request.log</Set>
              <Set name="filenameDateFormat">yyyy_MM_dd</Set>
              <Set name="retainDays">90</Set>
              <Set name="append">true</Set>
              <Set name="extended">false</Set>
              <Set name="logCookies">false</Set>
              <Set name="logLatency">true</Set>   
              <Set name="LogTimeZone">GMT</Set>
            </New>
          </Set>
        </New>
      </Arg>
    </Call>
  </Ref>

  <!-- =========================================================== -->
  <!-- extra options                                               -->
  <!-- =========================================================== -->
  <Set name="stopAtShutdown">true</Set>
  <Set name="stopTimeout">30000</Set>
  <Set name="dumpAfterStart">false</Set>
  <Set name="dumpBeforeStop">false</Set>
</Configure>
